{"errors":[],"warnings":[],"namedChunkGroups":{"polyfill":{"chunks":[0,5],"assets":["webpack-runtime-7ce1def09ccba0586db1.js","webpack-runtime-7ce1def09ccba0586db1.js.map","polyfill-99ed6e6526443abbb324.js","polyfill-99ed6e6526443abbb324.js.map"],"children":{},"childAssets":{}},"app":{"chunks":[0,4,1],"assets":["webpack-runtime-7ce1def09ccba0586db1.js","webpack-runtime-7ce1def09ccba0586db1.js.map","framework-06f646d936b841f99ebd.js","framework-06f646d936b841f99ebd.js.map","app-fc3db797ca3341546793.js","app-fc3db797ca3341546793.js.map"],"children":{},"childAssets":{}},"component---cache-caches-gatsby-plugin-offline-app-shell-js":{"chunks":[2],"assets":["component---cache-caches-gatsby-plugin-offline-app-shell-js-19245c8506e49b502b12.js","component---cache-caches-gatsby-plugin-offline-app-shell-js-19245c8506e49b502b12.js.map"],"children":{},"childAssets":{}},"component---node-modules-lekoarts-gatsby-theme-cara-src-templates-cara-tsx":{"chunks":[3],"assets":["component---node-modules-lekoarts-gatsby-theme-cara-src-templates-cara-tsx-d37fd4a590a7f9ba441d.js","component---node-modules-lekoarts-gatsby-theme-cara-src-templates-cara-tsx-d37fd4a590a7f9ba441d.js.map"],"children":{},"childAssets":{}}},"assetsByChunkName":{"polyfill":["webpack-runtime-7ce1def09ccba0586db1.js","polyfill-99ed6e6526443abbb324.js"],"app":["webpack-runtime-7ce1def09ccba0586db1.js","framework-06f646d936b841f99ebd.js","app-fc3db797ca3341546793.js"],"component---cache-caches-gatsby-plugin-offline-app-shell-js":["component---cache-caches-gatsby-plugin-offline-app-shell-js-19245c8506e49b502b12.js"],"component---node-modules-lekoarts-gatsby-theme-cara-src-templates-cara-tsx":["component---node-modules-lekoarts-gatsby-theme-cara-src-templates-cara-tsx-d37fd4a590a7f9ba441d.js"]}}